ID,Description,Amount,Date
1,desctiptio1231231n,1235,14.01.2026 14:42:45
2,desctiptio1231231n,1235,14.01.2026 14:42:59
3,desctiptio1231231n,1235,14.01.2026 14:43:05
4,desctiptio1231231n,1235,14.01.2026 14:43:14
5,desctiptio1231231n,1235,14.01.2026 14:43:20
6,desctiptio1231231n,1235,14.01.2026 14:44:08
7,desctiptio1231231n,1235,14.01.2026 14:45:21
8,desctiptio1231231n,1235,14.01.2026 14:45:25
9,desctiptio1231231n,1235,14.01.2026 14:45:34
10,desctiptio1231231n,1235,14.01.2026 14:46:21
11,desctiptio1231231n,1235,14.01.2026 14:46:30
12,desctiptio1231231n,1235,14.01.2026 15:11:02
13,desctiptio1231231n,1235,14.01.2026 15:11:05
14,desctiptio1231231n,1235,14.01.2026 15:11:07
15,desctiptio1231231n,1235,14.01.2026 15:11:12